{
    "version": "1.0",
    "session": {
        "new": false,
        "application": {
            "applicationId": "amzn1.echo-sdk-ams.app.[unique-value-here]"
        },
        "sessionId": "session1234",
        "attributes": {},
        "user": {
            "userId": null
        }
    },
    "request": {
        "type": "IntentRequest",
        "requestId": "request5678",
        "intent": {
            "name": "GuessNumberIntent",
            "slots": {
                "Number": {
                    "name": "Color",
                    "value": 25
                }
            }
        }
    }
}